{
  "created_at": "2025-10-27T14:56:51.678120+00:00",
  "config": {
    "scaler": "standard",
    "outliers": "zscore",
    "z_threshold": 4.0,
    "iqr_mult": 1.5,
    "impute": "drop",
    "random_seed": 42
  },
  "inputs": {
    "baseline_sample.csv": "/home/runner/work/clinical-driftops-platform/clinical-driftops-platform/data/baseline_sample.csv",
    "current_sample.csv": "/home/runner/work/clinical-driftops-platform/clinical-driftops-platform/data/current_sample.csv"
  },
  "outputs": {
    "data_prepared_baseline.csv": "/home/runner/work/clinical-driftops-platform/clinical-driftops-platform/data/data_prepared_baseline.csv",
    "data_prepared_current.csv": "/home/runner/work/clinical-driftops-platform/clinical-driftops-platform/data/data_prepared_current.csv",
    "data_prep_scaler_params.json": "/home/runner/work/clinical-driftops-platform/clinical-driftops-platform/reports/data_prep_scaler_params.json"
  },
  "hashes": {
    "data_prepared_baseline.csv": "7b2cff9d9a6cfb9fdf37bea87d8b325e918858128fc92a24efdd205355fcca04",
    "data_prepared_current.csv": "a5fc5d034d4d97b8a7829cc1efebe6163a7e1c51ecf64d557e97d7cfbc230ce4",
    "data_prep_scaler_params.json": "02bb8c858732969e55562db0d13279f6918dcbd611aa0a6dd9c5079e557e994a"
  },
  "stats": {
    "baseline": {
      "id_time_cols": [
        "subject_id",
        "hadm_id",
        "charttime"
      ],
      "num_cols": [
        "anchor_age",
        "wbc",
        "lactate",
        "creatinine"
      ],
      "pre_stats": {
        "anchor_age": {
          "count": 2497,
          "mean": 61.25310372446936,
          "std": 17.676939339142788,
          "min": 18.0,
          "p50": 63.0,
          "max": 91.0,
          "missing": 0
        },
        "wbc": {
          "count": 2391,
          "mean": 9.554558762024257,
          "std": 11.53378713317592,
          "min": 0.1,
          "p50": 8.0,
          "max": 352.0,
          "missing": 106
        },
        "lactate": {
          "count": 430,
          "mean": 1.9322093023255815,
          "std": 1.1224934880038908,
          "min": 0.5,
          "p50": 1.65,
          "max": 11.6,
          "missing": 2067
        },
        "creatinine": {
          "count": 2348,
          "mean": 1.1658645655877342,
          "std": 1.086586081335279,
          "min": 0.1,
          "p50": 0.9,
          "max": 12.75,
          "missing": 149
        }
      },
      "post_stats": {
        "anchor_age": {
          "count": 407,
          "mean": -4.800964430811488e-17,
          "std": 0.9999999999999999,
          "min": -2.6899682512998475,
          "p50": 0.05190387826231701,
          "max": 1.7344163214027362,
          "missing": 0
        },
        "wbc": {
          "count": 407,
          "mean": -7.419672302163208e-17,
          "std": 0.9999999999999998,
          "min": -1.6817101305682838,
          "p50": -0.2021485030283384,
          "max": 5.549553167068586,
          "missing": 0
        },
        "lactate": {
          "count": 407,
          "mean": -1.7458052475678137e-17,
          "std": 1.0,
          "min": -1.3115365758455875,
          "p50": -0.2353359806272683,
          "max": 4.460784856451431,
          "missing": 0
        },
        "creatinine": {
          "count": 407,
          "mean": 2.727820699324709e-16,
          "std": 1.0,
          "min": -1.0941097691457875,
          "p50": -0.3282609532425501,
          "max": 4.697490607398807,
          "missing": 0
        }
      }
    },
    "current": {
      "id_time_cols": [
        "subject_id",
        "hadm_id",
        "charttime"
      ],
      "num_cols": [
        "anchor_age",
        "wbc",
        "lactate",
        "creatinine"
      ],
      "pre_stats": {
        "anchor_age": {
          "count": 2498,
          "mean": 59.72017614091273,
          "std": 17.582077943771488,
          "min": 18.0,
          "p50": 61.0,
          "max": 91.0,
          "missing": 0
        },
        "wbc": {
          "count": 2370,
          "mean": 9.143738396624473,
          "std": 7.123010874250161,
          "min": 0.2,
          "p50": 8.0,
          "max": 174.75,
          "missing": 128
        },
        "lactate": {
          "count": 411,
          "mean": 1.9750486618004863,
          "std": 1.124691630109712,
          "min": 0.5,
          "p50": 1.7,
          "max": 10.4,
          "missing": 2087
        },
        "creatinine": {
          "count": 2343,
          "mean": 1.376333760136577,
          "std": 1.6489795868243395,
          "min": 0.35,
          "p50": 0.9,
          "max": 18.6,
          "missing": 155
        }
      },
      "post_stats": {
        "anchor_age": {
          "count": 386,
          "mean": -0.03495005518707328,
          "std": 1.0233850090424874,
          "min": -2.8145988026435824,
          "p50": -0.010411397409550369,
          "max": 1.7344163214027362,
          "missing": 0
        },
        "wbc": {
          "count": 386,
          "mean": -0.008011414518422365,
          "std": 0.9821455658951338,
          "min": -1.6669145142928845,
          "p50": -0.2169441193037378,
          "max": 6.0253658138795,
          "missing": 0
        },
        "lactate": {
          "count": 386,
          "mean": 0.024409127386943178,
          "std": 0.9816849399002435,
          "min": -1.4093729935927073,
          "p50": -0.2353359806272683,
          "max": 4.3087825524721595,
          "missing": 0
        },
        "creatinine": {
          "count": 386,
          "mean": 0.047668917823946395,
          "std": 1.2181298746522382,
          "min": -0.881373986950444,
          "p50": -0.3282609532425501,
          "max": 5.993846240366362,
          "missing": 0
        }
      }
    }
  },
  "notes": [
    "ID/timestamp columns preserved; scaling applied only to numeric features.",
    "Outlier clipping applied before scaling."
  ],
  "provenance": {
    "script": "src/data_prep.py",
    "version_hint": "v1.0"
  }
}